run,strategy,processed,wait_critical,wait_economy,revenue,gini,sla_violations
0,FIFO,71,1959.35,2013.5,36210.0,0.40259394665867543,217
0,SIRQ,70,252.19354838709677,0.0,382170.88580881647,0.4395085199765356,217
0,POSTED_PRICE,71,232.09375,0.0,40160.0,0.6108237544946464,217
0,PRIORITY_QUEUE,71,232.09375,0.0,36210.0,0.6108237544946464,217
1,FIFO,72,2245.05,2559.4285714285716,36720.0,0.3790238498631566,198
1,SIRQ,71,160.84848484848484,533.0,397279.2467925804,0.5279721611907695,193
1,POSTED_PRICE,72,265.7647058823529,0.0,41420.0,0.61927364967495,196
1,PRIORITY_QUEUE,72,265.7647058823529,0.0,36720.0,0.61927364967495,196
2,FIFO,72,2140.3333333333335,3117.181818181818,36720.0,0.3224427480092247,198
2,SIRQ,70,247.2051282051282,0.0,561445.7653445402,0.5000874706973164,195
2,POSTED_PRICE,72,241.05,0.0,43520.0,0.6354873391074221,194
2,PRIORITY_QUEUE,72,241.05,0.0,36720.0,0.6354873391074221,194
3,FIFO,72,2231.4285714285716,1702.8,36720.0,0.3996699575294489,206
3,SIRQ,68,141.73076923076923,138.66666666666666,342158.531557043,0.49775636764231046,199
3,POSTED_PRICE,72,264.0,660.5,37970.0,0.5845485869144407,206
3,PRIORITY_QUEUE,72,264.0,660.5,36720.0,0.5845485869144407,206
4,FIFO,71,2507.0,3086.1176470588234,36210.0,0.32774019823313716,223
4,SIRQ,68,252.63888888888889,0.0,365145.9959973788,0.4310243777889966,220
4,POSTED_PRICE,71,285.7027027027027,0.0,42060.0,0.5504359039904261,220
4,PRIORITY_QUEUE,71,285.7027027027027,0.0,36210.0,0.5504359039904261,220
5,FIFO,72,2199.909090909091,3057.8,36720.0,0.35069714178960654,205
5,SIRQ,68,307.0344827586207,0.0,363890.6896018878,0.4146731115844666,202
5,POSTED_PRICE,72,256.3448275862069,0.0,39670.0,0.5615328386581837,204
5,PRIORITY_QUEUE,72,256.3448275862069,0.0,36720.0,0.5615328386581837,204
6,FIFO,71,1898.3333333333333,3535.3571428571427,36210.0,0.3448048989412469,188
6,SIRQ,70,279.59090909090907,0.0,338563.8442915474,0.42075938318300854,188
6,POSTED_PRICE,71,252.30434782608697,0.0,37160.0,0.4787117055272814,188
6,PRIORITY_QUEUE,71,252.30434782608697,0.0,36210.0,0.4787117055272814,188
7,FIFO,72,2430.125,2843.4,36720.0,0.2945024287636542,223
7,SIRQ,68,342.3783783783784,0.0,372509.5888021686,0.5124517951224812,221
7,POSTED_PRICE,72,323.175,0.0,43520.0,0.5760311167352483,222
7,PRIORITY_QUEUE,72,323.175,0.0,36720.0,0.5760311167352483,222
8,FIFO,72,3282.875,2375.5454545454545,36720.0,0.3618670865479916,190
8,SIRQ,69,132.86206896551724,0.0,379857.5853226119,0.464690796996599,188
8,POSTED_PRICE,72,343.62068965517244,0.0,39520.0,0.5662139846942449,190
8,PRIORITY_QUEUE,72,343.62068965517244,0.0,36720.0,0.5662139846942449,190
9,FIFO,72,2542.4545454545455,3339.9333333333334,36720.0,0.3484111636474698,191
9,SIRQ,69,126.67647058823529,0.0,473479.3633404076,0.5575975142467036,185
9,POSTED_PRICE,72,359.6363636363636,0.0,41070.0,0.5784213607019459,190
9,PRIORITY_QUEUE,72,359.6363636363636,0.0,36720.0,0.5784213607019459,190
10,FIFO,72,2716.5,2456.0,36720.0,0.37051884318171524,231
10,SIRQ,69,184.6,0.0,507774.5304998364,0.5201053506288644,227
10,POSTED_PRICE,72,333.65714285714284,0.0,41770.0,0.5987027271955692,230
10,PRIORITY_QUEUE,72,333.65714285714284,0.0,36720.0,0.5987027271955692,230
11,FIFO,72,1946.4285714285713,1901.7857142857142,36720.0,0.3281754873666638,211
11,SIRQ,70,66.14285714285714,39.0,350729.0049398481,0.5513173381620644,204
11,POSTED_PRICE,72,232.3448275862069,33.0,39370.0,0.589316509989555,207
11,PRIORITY_QUEUE,72,232.3448275862069,33.0,36720.0,0.589316509989555,207
12,FIFO,72,2020.0,2037.4285714285713,36720.0,0.33534053621882887,197
12,SIRQ,71,166.79166666666666,413.25,290151.90978463454,0.4946411564426465,197
12,POSTED_PRICE,72,241.12,540.0,37970.0,0.4834452402267979,196
12,PRIORITY_QUEUE,72,241.12,540.0,36720.0,0.4834452402267979,196
13,FIFO,72,3453.6666666666665,2926.2,36720.0,0.32074945935096744,185
13,SIRQ,70,179.44,0.0,459332.4039352626,0.5860462767770358,179
13,POSTED_PRICE,72,250.77777777777777,0.0,38970.0,0.564813807180981,184
13,PRIORITY_QUEUE,72,250.77777777777777,0.0,36720.0,0.564813807180981,184
14,FIFO,72,2870.1428571428573,2635.2,36720.0,0.34359375499717504,163
14,SIRQ,68,185.14285714285714,191.0,308378.6221668615,0.6050994645002341,158
14,POSTED_PRICE,72,280.8181818181818,0.0,37220.0,0.4740392330591645,163
14,PRIORITY_QUEUE,72,280.8181818181818,0.0,36720.0,0.4740392330591645,163
15,FIFO,72,1925.4,2140.25,36720.0,0.3063249518807025,188
15,SIRQ,71,178.08,0.0,335173.20065308857,0.556835978028396,188
15,POSTED_PRICE,72,243.96153846153845,0.0,38620.0,0.49474368356074705,188
15,PRIORITY_QUEUE,72,243.96153846153845,0.0,36720.0,0.49474368356074705,188
16,FIFO,72,3062.3846153846152,2891.0714285714284,36720.0,0.3293423171544738,224
16,SIRQ,70,253.0,0.0,399991.25130297325,0.5147942367454563,223
16,POSTED_PRICE,72,336.35483870967744,0.0,40220.0,0.5339879294064398,224
16,PRIORITY_QUEUE,72,336.35483870967744,0.0,36720.0,0.5339879294064398,224
17,FIFO,72,2438.0,2497.2,36720.0,0.35889135363046276,218
17,SIRQ,69,134.05882352941177,0.0,325390.70676099334,0.5542540615163982,213
17,POSTED_PRICE,72,309.45454545454544,189.0,40920.0,0.5992676678622526,217
17,PRIORITY_QUEUE,72,309.45454545454544,189.0,36720.0,0.5992676678622526,217
18,FIFO,72,2509.0666666666666,2860.0625,36720.0,0.35924170252549303,231
18,SIRQ,71,167.28571428571428,0.0,489370.8794243493,0.45741611396332305,224
18,POSTED_PRICE,72,241.38888888888889,0.0,42120.0,0.6216861467499608,227
18,PRIORITY_QUEUE,72,241.38888888888889,0.0,36720.0,0.6216861467499608,227
19,FIFO,72,2960.4666666666667,3031.4666666666667,36720.0,0.33446552718752054,166
19,SIRQ,70,175.3548387096774,0.0,355112.76527450717,0.5342091414538161,162
19,POSTED_PRICE,72,251.25806451612902,0.0,40220.0,0.5854998010642349,163
19,PRIORITY_QUEUE,72,251.25806451612902,0.0,36720.0,0.5854998010642349,163
20,FIFO,72,2773.285714285714,2622.846153846154,36720.0,0.3249576657548523,219
20,SIRQ,70,150.5,0.0,380674.8230607871,0.5653298749667466,213
20,POSTED_PRICE,72,190.8148148148148,0.0,38970.0,0.5531972973416746,213
20,PRIORITY_QUEUE,72,190.8148148148148,0.0,36720.0,0.5531972973416746,213
21,FIFO,71,2519.2,2908.4,36210.0,0.36823982526676513,205
21,SIRQ,69,122.25,0.0,418855.0122241842,0.6189812137104547,204
21,POSTED_PRICE,71,235.52173913043478,0.0,37010.0,0.5615462637849562,205
21,PRIORITY_QUEUE,71,235.52173913043478,0.0,36210.0,0.5615462637849562,205
22,FIFO,72,2689.6875,2685.0714285714284,36720.0,0.3167666715974762,215
22,SIRQ,70,223.17241379310346,0.0,370097.18155003473,0.47094742648748866,214
22,POSTED_PRICE,72,260.6,0.0,40020.0,0.5558381496993596,215
22,PRIORITY_QUEUE,72,260.6,0.0,36720.0,0.5558381496993596,215
23,FIFO,72,3175.222222222222,1778.0555555555557,36720.0,0.3185037952257861,217
23,SIRQ,69,124.73333333333333,0.0,261812.97800114827,0.5215130878648018,215
23,POSTED_PRICE,72,252.0,0.0,33970.0,0.4038186357503202,215
23,PRIORITY_QUEUE,72,252.0,0.0,36720.0,0.4038186357503202,215
24,FIFO,70,2629.3,2906.1875,35700.0,0.37049601518374686,231
24,SIRQ,68,210.77777777777777,0.0,394530.96122003254,0.522579953041652,226
24,POSTED_PRICE,70,326.35714285714283,0.0,38200.0,0.5703238409434461,229
24,PRIORITY_QUEUE,70,326.35714285714283,0.0,35700.0,0.5703238409434461,229
25,FIFO,72,2140.8888888888887,3154.714285714286,36720.0,0.33108197084195745,175
25,SIRQ,68,238.52380952380952,0.0,333453.27751119435,0.48107566560795534,173
25,POSTED_PRICE,72,270.95238095238096,0.0,36870.0,0.4853270360248132,175
25,PRIORITY_QUEUE,72,270.95238095238096,0.0,36720.0,0.4853270360248132,175
26,FIFO,71,2109.0,2321.5882352941176,36194.375,0.38416469612889936,208
26,SIRQ,68,169.36,0.0,385707.7505229146,0.5330690599857788,205
26,POSTED_PRICE,71,276.48,43.666666666666664,37410.0,0.5470598356475367,207
26,PRIORITY_QUEUE,71,276.48,43.666666666666664,36194.375,0.5470598356475367,207
27,FIFO,72,2137.5882352941176,2263.1111111111113,36720.0,0.33523417688481993,205
27,SIRQ,69,255.21212121212122,0.0,378685.08218597394,0.5519100876935077,202
27,POSTED_PRICE,72,294.4594594594595,0.0,42470.0,0.5801189737432604,203
27,PRIORITY_QUEUE,72,294.4594594594595,0.0,36720.0,0.5801189737432604,203
28,FIFO,72,2876.5,2558.176470588235,36720.0,0.3914407389600105,213
28,SIRQ,69,170.09375,395.5,422147.8627510426,0.5465346189122309,210
28,POSTED_PRICE,72,266.59375,0.0,40570.0,0.612033862281939,210
28,PRIORITY_QUEUE,72,266.59375,0.0,36720.0,0.612033862281939,210
29,FIFO,72,2474.5714285714284,2335.5555555555557,36720.0,0.34713730352461036,189
29,SIRQ,68,96.36,0.0,342357.69629176194,0.5770784880972639,184
29,POSTED_PRICE,72,275.0,0.0,37770.0,0.5008686084520795,188
29,PRIORITY_QUEUE,72,275.0,0.0,36720.0,0.5008686084520795,188
